Returned,OrderID,Region
Yes,CA-2012-SA20830140-41210,CentralUS
Yes,IN-2012-PB19210127-41259,EasternAsia
Yes,CA-2012-SC20095140-41174,CentralUS
Yes,IN-2015-JH158207-42140,Oceania
Yes,IN-2014-LC168857-41747,Oceania
Yes,ID-2013-AB1001527-41439,EasternAsia
Yes,ES-2015-RA1994545-42218,WesternEurope
Yes,CA-2014-TB21280140-41724,CentralUS
Yes,ES-2014-JF15295120-41924,SouthernEurope
Yes,IN-2014-NM1844527-41800,EasternAsia
Yes,IN-2015-GB145307-42260,Oceania
Yes,ES-2012-SC208458-41070,WesternEurope
Yes,TU-2013-SF10200134-41417,WesternAsia
Yes,ID-2015-RD1993092-42140,Oceania
Yes,CA-2014-TC21295140-41800,SouthernUS
Yes,SF-2015-MV8190117-42362,SouthernAfrica
Yes,IN-2014-EM1382566-41850,EasternAsia
Yes,ES-2015-CC1210045-42182,WesternEurope
Yes,ES-2015-MM1792045-42199,WesternEurope
Yes,IN-2015-DB1306027-42353,EasternAsia
Yes,IN-2013-JC157757-41310,Oceania
Yes,CA-2015-RB19705140-42262,EasternUS
Yes,ES-2015-BB1154548-42336,WesternEurope
Yes,AL-2012-SC102302-40970,SouthernEurope
Yes,UP-2014-MC7275137-41997,EasternEurope
Yes,IN-2013-EJ13720113-41608,SoutheasternAsia
Yes,CA-2012-AJ10780140-41212,EasternUS
Yes,CA-2014-EM14140140-41822,WesternUS
Yes,ES-2015-RD19585120-42007,SouthernEurope
Yes,US-2014-SC20230140-41873,WesternUS
Yes,IN-2013-JR1570058-41441,SouthernAsia
Yes,IN-2013-DL129257-41418,Oceania
Yes,ES-2014-EG1390045-41644,WesternEurope
Yes,ES-2013-DB1297045-41458,WesternEurope
Yes,CA-2014-CL12565140-41768,EasternUS
Yes,ES-2014-EB13930139-41962,NorthernEurope
Yes,IN-2015-ML1739559-42369,SoutheasternAsia
Yes,SA-2015-MC7575110-42326,WesternAsia
Yes,CA-2014-SS1041023-41995,EasternCanada
Yes,ID-2015-ST205307-42336,Oceania
Yes,MX-2012-AH1003082-41251,CentralAmerica
Yes,ID-2015-MM1726078-42181,SoutheasternAsia
Yes,IT-2015-DM1301564-42167,SouthernEurope
Yes,IN-2015-JW1595527-42190,EasternAsia
Yes,CA-2013-SG20080140-41578,WesternUS
Yes,IN-2014-PF1912027-41916,EasternAsia
Yes,US-2015-AG1052582-42355,CentralAmerica
Yes,IN-2015-PB191057-42281,Oceania
Yes,MX-2015-BS1136518-42199,SouthAmerica
Yes,IT-2012-MP1817545-41040,WesternEurope
Yes,IN-2014-BT1168027-41815,EasternAsia
Yes,IN-2013-MH180257-41443,Oceania
Yes,ID-2015-LW172157-42293,Oceania
Yes,MX-2014-KA1652539-41922,CentralAmerica
Yes,ID-2015-CS123557-42328,Oceania
Yes,IN-2015-KM163757-42342,Oceania
Yes,MX-2013-PK1891082-41532,CentralAmerica
Yes,ES-2015-BT1139564-42088,SouthernEurope
Yes,MX-2013-CC1243082-41634,CentralAmerica
Yes,IT-2015-AR1082545-42290,WesternEurope
Yes,ID-2014-CS11860102-41858,SoutheasternAsia
Yes,IN-2014-AB1060058-41858,SouthernAsia
Yes,IN-2012-CG1204027-41252,EasternAsia
Yes,AG-2013-PO88653-41634,NorthAfrica
Yes,EG-2015-CM211538-42144,NorthAfrica
Yes,ES-2015-BN1151545-42304,WesternEurope
Yes,IN-2014-CL1189066-41999,EasternAsia
Yes,ID-2015-AA1064559-42332,SoutheasternAsia
Yes,ES-2014-JK1609064-41800,SouthernEurope
Yes,IN-2015-CD1192059-42326,SoutheasternAsia
Yes,IN-2012-ES1408027-40941,EasternAsia
Yes,MX-2013-DO1364512-41461,Caribbean
Yes,CG-2013-SC1030533-41538,CentralAfrica
Yes,SI-2015-SM10005115-42252,SouthernEurope
Yes,IN-2012-GT1471058-41158,SouthernAsia
Yes,ID-2013-SC2080059-41380,SoutheasternAsia
Yes,MX-2013-HF1499518-41423,SouthAmerica
Yes,ES-2012-AG1049545-41002,WesternEurope
Yes,IN-2015-SD2048527-42259,EasternAsia
Yes,CA-2012-PC18745140-41273,EasternUS
Yes,US-2015-DH13075140-42092,WesternUS
Yes,ES-2015-LR1691545-42237,WesternEurope
Yes,SF-2015-CD1920117-42055,SouthernAfrica
Yes,ES-2012-TT2146045-41014,WesternEurope
Yes,IN-2015-PS1904558-42272,SouthernAsia
Yes,CA-2015-KL16555140-42313,SouthernUS
Yes,US-2013-PO1918082-41504,CentralAmerica
Yes,ID-2015-JG15310130-42133,SoutheasternAsia
Yes,ES-2014-MG17680120-41867,SouthernEurope
Yes,ES-2015-RA1994548-42249,WesternEurope
Yes,IT-2015-KD1634545-42238,WesternEurope
Yes,CA-2012-DP13165140-41244,EasternUS
Yes,CA-2014-EH13765140-41997,WesternUS
Yes,ID-2015-TB214007-42322,Oceania
Yes,MX-2013-ES1408018-41619,SouthAmerica
Yes,IN-2012-TB2152059-41207,SoutheasternAsia
Yes,ES-2012-MR1754564-41157,SouthernEurope
Yes,IN-2015-GW1460558-42173,SouthernAsia
Yes,CA-2013-JK15205140-41544,SouthernUS
Yes,IN-2015-GM1445558-42273,SouthernAsia
Yes,CA-2015-MG18145140-42285,WesternUS
Yes,CA-2013-EM13960140-41548,WesternUS
Yes,ES-2014-RM1937545-41643,WesternEurope
Yes,IN-2012-GG1465027-40992,EasternAsia
Yes,IN-2014-TB2140066-41873,EasternAsia
Yes,MX-2015-MP1796518-42189,SouthAmerica
Yes,US-2012-LT17110140-41060,SouthernUS
Yes,ES-2013-BF1117048-41527,WesternEurope
Yes,ID-2013-CC126857-41572,Oceania
Yes,ES-2013-AJ1094548-41444,WesternEurope
Yes,US-2015-GZ14545140-42212,WesternUS
Yes,ES-2015-BM1165045-42176,WesternEurope
Yes,ID-2014-RD197207-41776,Oceania
Yes,MX-2015-DB1336018-42280,SouthAmerica
Yes,US-2012-CV12295140-40995,CentralUS
Yes,IT-2013-BF1102045-41418,WesternEurope
Yes,IN-2015-LT1676511-42286,SouthernAsia
Yes,IN-2015-VB217451-42349,SouthernAsia
Yes,IT-2014-JG15115104-41952,SouthernEurope
Yes,MX-2012-JP1552018-41174,SouthAmerica
Yes,MX-2012-RD1993051-41223,CentralAmerica
Yes,IN-2015-AT1043559-42243,SoutheasternAsia
Yes,IN-2012-SC2069559-41248,SoutheasternAsia
Yes,ES-2012-ER13855120-41159,SouthernEurope
Yes,ES-2012-TB2162545-41262,WesternEurope
Yes,ES-2013-CM124458-41375,WesternEurope
Yes,US-2012-BF11170140-41266,WesternUS
Yes,ID-2014-CJ1187592-41831,Oceania
Yes,RS-2015-GG4650108-42102,EasternEurope
Yes,ES-2015-KA1652545-42353,WesternEurope
Yes,MX-2014-CW1190593-41788,CentralAmerica
Yes,MX-2015-SV2078582-42347,CentralAmerica
Yes,ES-2012-DJ1351048-40923,WesternEurope
Yes,CA-2014-HF14995140-41761,SouthernUS
Yes,CA-2014-CL12565140-41788,WesternUS
Yes,CA-2012-LR16915140-41128,WesternUS
Yes,CA-2015-KH16510140-42347,WesternUS
Yes,MX-2015-KC1667518-42070,SouthAmerica
Yes,CA-2014-ON18715140-41959,SouthernUS
Yes,IN-2013-MA1799559-41314,SoutheasternAsia
Yes,IS-2014-RA928563-41916,WesternAsia
Yes,IN-2012-TB2162588-41177,SoutheasternAsia
Yes,IN-2012-MC1784559-41116,SoutheasternAsia
Yes,ID-2014-KH16690144-41991,SoutheasternAsia
Yes,ES-2015-AT1073545-42367,WesternEurope
Yes,ES-2014-PO1885048-41898,WesternEurope
Yes,CA-2015-EB13750140-42111,SouthernUS
Yes,EG-2015-AC66038-42250,NorthAfrica
Yes,IN-2013-TH2111558-41488,SouthernAsia
Yes,ES-2012-GH14485139-41054,NorthernEurope
Yes,ES-2014-LL1684048-41986,WesternEurope
Yes,CA-2014-NS18640140-41985,EasternUS
Yes,ID-2012-MD1786059-40965,SoutheasternAsia
Yes,ES-2012-TB2140048-40968,WesternEurope
Yes,RS-2015-TB11520108-42126,EasternEurope
Yes,ID-2015-BG1169588-42012,SoutheasternAsia
Yes,CA-2014-ES14020140-41802,EasternUS
Yes,ES-2015-HG14965120-42080,SouthernEurope
Yes,MX-2012-SW2075593-41250,CentralAmerica
Yes,CA-2012-BP11095140-41261,WesternUS
Yes,IN-2014-BG110357-41735,Oceania
Yes,ES-2015-EB1417064-42012,SouthernEurope
Yes,MX-2015-EH1418531-42166,Caribbean
Yes,IN-2015-DS1303058-42173,SouthernAsia
Yes,CA-2015-AG10900140-42126,SouthernUS
Yes,ES-2013-DE1325545-41278,WesternEurope
Yes,SA-2013-JD6150110-41600,WesternAsia
Yes,ID-2015-HA1490592-42287,Oceania
Yes,CA-2013-IM15070140-41459,CentralUS
Yes,US-2015-TZ2144518-42259,SouthAmerica
Yes,ES-2015-DK1309045-42158,WesternEurope
Yes,MX-2013-PT1909082-41579,CentralAmerica
Yes,ES-2015-EB141108-42267,WesternEurope
Yes,SF-2014-JD6060117-41648,SouthernAfrica
Yes,ES-2015-AR1051045-42234,WesternEurope
Yes,IN-2013-CL1270027-41555,EasternAsia
Yes,ES-2015-AH1012045-42057,WesternEurope
Yes,IT-2013-ZD2192548-41503,WesternEurope
Yes,IN-2014-DJ1342058-41646,SouthernAsia
Yes,ES-2014-LC1705048-41718,WesternEurope
Yes,MX-2014-AJ1096031-41801,Caribbean
Yes,CA-2014-CP12340140-41808,EasternUS
Yes,IN-2013-JK1609027-41615,EasternAsia
Yes,AJ-2013-SG108909-41580,WesternAsia
Yes,MX-2015-DV1304593-42215,CentralAmerica
Yes,ES-2013-TP2156545-41598,WesternEurope
Yes,US-2015-HG1484551-42171,CentralAmerica
Yes,IN-2014-AM103607-41864,Oceania
Yes,CA-2015-DO13645140-42263,WesternUS
Yes,ES-2014-JP1552045-41871,WesternEurope
Yes,MX-2013-JR1621037-41627,SouthAmerica
Yes,MX-2013-RL1961582-41572,CentralAmerica
Yes,ES-2014-EP1391548-42004,WesternEurope
Yes,IN-2013-CD1228058-41311,SouthernAsia
Yes,MX-2013-EC1405018-41599,SouthAmerica
Yes,MX-2013-PO1885051-41338,CentralAmerica
Yes,CA-2012-FP14320140-41251,EasternUS
Yes,MX-2012-YS2188093-41060,CentralAmerica
Yes,IN-2013-CC1261027-41286,EasternAsia
Yes,IN-2014-DB1321027-41899,EasternAsia
Yes,MX-2014-JR1570036-41775,Caribbean
Yes,CA-2013-VD21670140-41583,SouthernUS
Yes,CA-2014-BM11785140-41835,CentralUS
Yes,ES-2014-JP16135139-41899,NorthernEurope
Yes,US-2012-KB1631598-41064,CentralAmerica
Yes,IN-2012-AM10705130-41151,SoutheasternAsia
Yes,MX-2015-SC2038093-42151,CentralAmerica
Yes,GH-2013-MH729049-41615,WesternAfrica
Yes,IN-2013-NC1834058-41385,SouthernAsia
Yes,CA-2013-EB14110140-41377,WesternUS
Yes,IN-2015-JF1549078-42334,SoutheasternAsia
Yes,ID-2015-HM148607-42243,Oceania
Yes,CA-2014-NS18505140-41968,CentralUS
Yes,ID-2013-AO1081059-41556,SoutheasternAsia
Yes,CA-2015-VW21775140-42326,EasternUS
Yes,MO-2013-NK849086-41366,NorthAfrica
Yes,IN-2014-KL1655592-41857,Oceania
Yes,CA-2014-SN20560140-41817,CentralUS
Yes,MX-2014-SJ2012539-41908,CentralAmerica
Yes,MX-2015-DP1316593-42293,CentralAmerica
Yes,ES-2013-MN1793548-41466,WesternEurope
Yes,SA-2014-SJ10125110-41944,WesternAsia
Yes,IT-2015-ME18010124-42235,NorthernEurope
Yes,CA-2015-AD10180140-42340,EasternUS
Yes,ID-2014-TB2125059-41973,SoutheasternAsia
Yes,IN-2013-PS187607-41402,Oceania
Yes,CA-2012-MC17425140-41058,CentralUS
Yes,US-2014-DA134505-41926,SouthAmerica
Yes,ID-2015-EN137807-42312,Oceania
Yes,MX-2015-CB1241598-42333,CentralAmerica
Yes,HU-2015-JP552057-42249,EasternEurope
Yes,CA-2012-KH16630140-41213,SouthernUS
Yes,CA-2012-BS11755140-41046,EasternUS
Yes,US-2015-SJ2021554-42255,Caribbean
Yes,MX-2012-KT1646518-41017,SouthAmerica
Yes,MX-2015-AS1028518-42351,SouthAmerica
Yes,MX-2015-SC2068082-42231,CentralAmerica
Yes,ES-2014-MW1822048-41998,WesternEurope
Yes,MX-2013-MF1766551-41402,CentralAmerica
Yes,CA-2014-JM15535140-41998,EasternUS
Yes,CA-2012-CC247523-41031,EasternCanada
Yes,CA-2012-NC18535140-41112,WesternUS
Yes,IN-2013-MM172607-41395,Oceania
Yes,IN-2013-PR1888027-41430,EasternAsia
Yes,NI-2014-RA994595-41979,WesternAfrica
Yes,US-2012-RB19435140-41237,WesternUS
Yes,ES-2014-LP17095139-41772,NorthernEurope
Yes,MX-2014-FA1423055-41976,CentralAmerica
Yes,IN-2014-SH19975130-41975,SoutheasternAsia
Yes,CA-2014-GK14620140-41753,WesternUS
Yes,US-2012-DK1289598-41166,CentralAmerica
Yes,ES-2014-AB10165139-41888,NorthernEurope
Yes,US-2014-SP20860140-41968,WesternUS
Yes,IT-2012-GD1459091-40988,WesternEurope
Yes,IN-2014-NB1865527-41858,EasternAsia
Yes,PL-2012-JD5790103-41249,EasternEurope
Yes,KE-2015-JH598569-42317,EasternAfrica
Yes,MX-2014-DC1328518-41751,SouthAmerica
Yes,ES-2014-HG1502548-41783,WesternEurope
Yes,IV-2014-AM70529-41678,WesternAfrica
Yes,RO-2014-ND8370107-41839,EasternEurope
Yes,EG-2015-AY55538-42121,NorthAfrica
Yes,MO-2014-KH669086-41830,NorthAfrica
Yes,IN-2014-SR2074027-41767,EasternAsia
Yes,IN-2013-MF176657-41300,Oceania
Yes,ES-2013-HM1498064-41289,SouthernEurope
Yes,MX-2015-DL1331582-42335,CentralAmerica
Yes,US-2013-MW1822036-41387,Caribbean
Yes,US-2014-BG11695140-42001,CentralUS
Yes,MX-2014-SW2075582-41811,CentralAmerica
Yes,MO-2014-MO795086-41706,NorthAfrica
Yes,MX-2015-PO1885082-42279,CentralAmerica
Yes,US-2014-DR12880140-41723,WesternUS
Yes,CA-2012-AG10525140-41153,CentralUS
Yes,IT-2013-KH1669045-41490,WesternEurope
Yes,US-2012-JP155205-41153,SouthAmerica
Yes,CG-2015-AM70533-42233,CentralAfrica
Yes,CA-2015-AJ10945140-42248,CentralUS
Yes,MX-2013-SO2033526-41400,SouthAmerica
Yes,IN-2012-TS2150559-40990,SoutheasternAsia
Yes,CA-2015-MV17485140-42333,WesternUS
Yes,IN-2015-SC2038027-42306,EasternAsia
Yes,IT-2012-JC1610564-41053,SouthernEurope
Yes,CA-2015-LE16810140-42348,WesternUS
Yes,US-2013-BB1099036-41379,Caribbean
Yes,TU-2013-AH195134-41319,WesternAsia
Yes,MX-2014-TS2120518-41791,SouthAmerica
Yes,IR-2012-FH436560-41114,SouthernAsia
Yes,MX-2014-SH2039582-41895,CentralAmerica
Yes,US-2014-GT14710140-41980,WesternUS
Yes,IR-2014-BN151560-41880,SouthernAsia
Yes,ES-2012-SH2039545-40914,WesternEurope
Yes,SA-2013-SC10260110-41451,WesternAsia
Yes,CA-2014-BD11605140-41742,SouthernUS
Yes,IN-2012-VD2167059-41269,SoutheasternAsia
Yes,ES-2015-MY17380120-42316,SouthernEurope
Yes,CA-2015-LC16870140-42091,SouthernUS
Yes,IN-2012-TR2132527-41188,EasternAsia
Yes,IN-2014-JC1538558-41815,SouthernAsia
Yes,MX-2012-NG1843018-41201,SouthAmerica
Yes,EG-2015-DM301538-42367,NorthAfrica
Yes,BU-2014-CS186019-41993,EasternEurope
Yes,ID-2014-CT11995118-41810,EasternAsia
Yes,IN-2012-EH139907-41140,Oceania
Yes,CA-2012-RD19585140-41000,SouthernUS
Yes,CA-2015-CW11905140-42138,EasternUS
Yes,MX-2014-NC1862593-41955,CentralAmerica
Yes,MX-2013-RB1936082-41552,CentralAmerica
Yes,IN-2012-AS1028527-41034,EasternAsia
Yes,IN-2014-AO108107-41721,Oceania
Yes,MX-2015-HG1484536-42070,Caribbean
Yes,ID-2015-JE1561097-42193,SouthernAsia
Yes,ES-2014-CY1274564-41726,SouthernEurope
Yes,IR-2014-SM1095060-41746,SouthernAsia
Yes,US-2012-PB1915055-41157,CentralAmerica
Yes,ES-2014-JB1600048-41856,WesternEurope
Yes,ES-2015-JC1577548-42328,WesternEurope
Yes,IT-2014-LP1708091-41907,WesternEurope
Yes,MX-2012-ME1732018-41164,SouthAmerica
Yes,CA-2014-TS21655140-41999,SouthernUS
Yes,ES-2015-SV20935139-42369,NorthernEurope
Yes,MX-2015-CJ12010141-42298,SouthAmerica
Yes,CA-2012-SH20395140-41214,WesternUS
Yes,IN-2013-GM1445527-41622,EasternAsia
Yes,CA-2013-MS17530140-41579,SouthernUS
Yes,US-2013-HD1478598-41583,CentralAmerica
Yes,US-2015-CB1202582-42305,CentralAmerica
Yes,CA-2015-BH11710140-42346,SouthernUS
Yes,MX-2012-MO1750016-41222,SouthAmerica
Yes,ES-2012-MG17890139-41257,NorthernEurope
Yes,CA-2013-PO19195140-41598,EasternUS
Yes,ES-2015-KW1643545-42032,WesternEurope
Yes,CA-2013-SS20515140-41479,SouthernUS
Yes,MX-2012-RL1961539-40965,CentralAmerica
Yes,MX-2014-SZ2003531-41822,Caribbean
Yes,ID-2013-BT115307-41508,Oceania
Yes,MX-2012-TG2131018-41132,SouthAmerica
Yes,CA-2012-TT21070140-41159,SouthernUS
Yes,CA-2015-TS21505140-42316,WesternUS
Yes,ES-2013-AW1084064-41519,SouthernEurope
Yes,CA-2015-DV13045140-42350,SouthernUS
Yes,ES-2015-BP11185139-42175,NorthernEurope
Yes,US-2015-EB13930140-42208,CentralUS
Yes,ES-2014-RS1942048-41831,WesternEurope
Yes,CG-2012-MM828033-40983,CentralAfrica
Yes,MX-2013-JD1589536-41523,Caribbean
Yes,IN-2014-DB1291027-41870,EasternAsia
Yes,ES-2014-DV1346564-41961,SouthernEurope
Yes,MX-2015-JK1564055-42174,CentralAmerica
Yes,CA-2015-LW17215140-42106,WesternUS
Yes,MX-2012-PM1894031-41208,Caribbean
Yes,BU-2012-EH394519-41265,EasternEurope
Yes,MX-2012-VM2183551-41185,CentralAmerica
Yes,CA-2012-AZ10750140-40992,EasternUS
Yes,IT-2015-KB1631564-42301,SouthernEurope
Yes,IT-2015-EK13795139-42277,NorthernEurope
Yes,ID-2015-AS1009058-42316,SouthernAsia
Yes,MX-2015-MC1742593-42304,CentralAmerica
Yes,MX-2014-DW1358531-41779,Caribbean
Yes,ES-2015-AB1016545-42356,WesternEurope
Yes,MX-2015-DG1330093-42319,CentralAmerica
Yes,MX-2013-SW2027536-41587,Caribbean
Yes,MX-2015-SP2065082-42257,CentralAmerica
Yes,IN-2014-CC125507-41963,Oceania
Yes,ES-2015-CW11905139-42288,NorthernEurope
Yes,ZA-2015-SW10350146-42061,EasternAfrica
Yes,IN-2015-PR1888027-42125,EasternAsia
Yes,ES-2014-DB1327045-41689,WesternEurope
Yes,ES-2012-PM1894045-41145,WesternEurope
Yes,CA-2013-AG10495140-41571,CentralUS
Yes,ES-2012-CD1198048-41151,WesternEurope
Yes,ES-2015-SF20200139-42229,NorthernEurope
Yes,MX-2012-BD1150093-41041,CentralAmerica
Yes,ES-2015-BE11410120-42225,SouthernEurope
Yes,BN-2012-RW963015-41216,WesternAfrica
Yes,US-2014-HP148155-41906,SouthAmerica
Yes,ES-2015-BF11170139-42174,NorthernEurope
Yes,IN-2015-DB129707-42152,Oceania
Yes,CA-2012-EH13765140-41199,EasternUS
Yes,IN-2012-BB115457-41194,Oceania
Yes,IN-2012-SG206057-40978,Oceania
Yes,IN-2015-RH1951011-42040,SouthernAsia
Yes,ZA-2014-JW6075146-41739,EasternAfrica
Yes,ES-2012-JA15970139-41080,NorthernEurope
Yes,IN-2012-JR1567027-41031,EasternAsia
Yes,ES-2013-JE1547545-41450,WesternEurope
Yes,IT-2014-LS1720064-41954,SouthernEurope
Yes,IN-2014-CA1226527-41794,EasternAsia
Yes,UP-2014-AA645137-41807,EasternEurope
Yes,NI-2014-MH745595-41696,WesternAfrica
Yes,ID-2015-EJ1415592-42299,Oceania
Yes,ID-2014-KD1649559-41807,SoutheasternAsia
Yes,ES-2014-DK1298548-41711,WesternEurope
Yes,BU-2014-MH745519-41670,EasternEurope
Yes,ID-2015-NR18550102-42078,SoutheasternAsia
Yes,IN-2012-JH1591027-41262,EasternAsia
Yes,IN-2012-JL151307-40988,Oceania
Yes,IT-2015-AG1049545-42229,WesternEurope
Yes,CA-2014-JF15565140-41686,EasternUS
Yes,IN-2014-SH2063527-41858,EasternAsia
Yes,IN-2015-LD1700558-42285,SouthernAsia
Yes,LO-2012-JL5850114-41121,EasternEurope
Yes,BO-2014-KH636013-41859,EasternEurope
Yes,US-2013-EM1382555-41579,CentralAmerica
Yes,IT-2015-MB1808591-42145,WesternEurope
Yes,SF-2014-EL3735117-41875,SouthernAfrica
Yes,TU-2014-JF5565134-41818,WesternAsia
Yes,MX-2014-BM1114055-41961,CentralAmerica
Yes,TU-2015-SW10275134-42311,WesternAsia
Yes,ES-2014-SS208758-41683,WesternEurope
Yes,US-2014-BW1120018-41979,SouthAmerica
Yes,IN-2013-TD20995130-41609,SoutheasternAsia
Yes,ES-2015-KB1660096-42048,NorthernEurope
Yes,IN-2015-Dl1360058-42364,SouthernAsia
Yes,ES-2014-MB18085139-41956,NorthernEurope
Yes,IT-2015-AR10345139-42116,NorthernEurope
Yes,IN-2013-JG1531027-41602,EasternAsia
Yes,ES-2014-MC1810045-41982,WesternEurope
Yes,CA-2015-HG15025140-42363,EasternUS
Yes,MO-2015-AB25586-42117,NorthAfrica
Yes,US-2012-CS1246036-41247,Caribbean
Yes,ES-2014-JD1606045-41699,WesternEurope
Yes,MX-2013-EM1381018-41552,SouthAmerica
Yes,MX-2015-MY1829582-42321,CentralAmerica
Yes,CA-2015-KH16330140-42329,EasternUS
Yes,ES-2014-MG18205139-41867,NorthernEurope
Yes,CA-2015-DO13645140-42343,EasternUS
Yes,IN-2014-ML177557-41922,Oceania
Yes,SA-2015-AR570110-42299,WesternAsia
Yes,US-2015-LH16900140-42348,CentralUS
Yes,CA-2015-JE15745140-42111,WesternUS
Yes,CA-2013-MV17485140-41450,CentralUS
Yes,IT-2012-KH16690104-41037,SouthernEurope
Yes,IN-2015-SL2015558-42222,SouthernAsia
Yes,MX-2012-KM1672018-41242,SouthAmerica
Yes,ID-2014-DB132107-41934,Oceania
Yes,IN-2012-CM1223527-41248,EasternAsia
Yes,IN-2014-BD116207-41650,Oceania
Yes,CA-2015-OT18730140-42304,SouthernUS
Yes,AO-2013-JE57454-41544,CentralAfrica
Yes,EG-2014-SC1009538-41847,NorthAfrica
Yes,ID-2013-GZ144707-41467,Oceania
Yes,ES-2015-MJ17740139-42073,NorthernEurope
Yes,IR-2014-MM805560-41990,SouthernAsia
Yes,IT-2014-TP2141545-41858,WesternEurope
Yes,ID-2013-TG21640102-41508,SoutheasternAsia
Yes,IN-2014-LS172307-41954,Oceania
Yes,IN-2012-GM1444058-41200,SouthernAsia
Yes,TU-2012-AJ960134-40990,WesternAsia
Yes,CA-2014-PF19225140-41817,SouthernUS
Yes,IN-2014-TB2162558-41724,SouthernAsia
Yes,MX-2012-ND1837082-41223,CentralAmerica
Yes,ID-2015-MG1814592-42132,Oceania
Yes,CA-2014-CA12265140-41677,SouthernUS
Yes,SF-2012-MH7440117-41065,SouthernAfrica
Yes,MX-2012-AB1015093-41101,CentralAmerica
Yes,IZ-2015-EM396061-42110,WesternAsia
Yes,IN-2015-AW1084058-42083,SouthernAsia
Yes,ES-2015-PS1897045-42179,WesternEurope
Yes,ES-2013-WB2185064-41587,SouthernEurope
Yes,CA-2015-NC18535140-42096,WesternUS
Yes,MX-2014-LS1697518-41666,SouthAmerica
Yes,IN-2012-SB2018559-41157,SoutheasternAsia
Yes,ML-2014-BD177079-41893,WesternAfrica
Yes,MX-2015-CM1244582-42354,CentralAmerica
Yes,MX-2012-AW1084082-41192,CentralAmerica
Yes,MX-2015-CL1270093-42180,CentralAmerica
Yes,CA-2015-CC12475140-42278,EasternUS
Yes,MX-2014-AH1069093-41990,CentralAmerica
Yes,AO-2013-SF102004-41628,CentralAfrica
Yes,MX-2014-SZ2003518-41703,SouthAmerica
Yes,EG-2015-RA994538-42342,NorthAfrica
Yes,TU-2015-AG495134-42130,WesternAsia
Yes,IN-2012-PR1888058-41013,SouthernAsia
Yes,ES-2015-CS1235548-42010,WesternEurope
Yes,IN-2015-MH1811558-42185,SouthernAsia
Yes,IN-2015-JP1546058-42258,SouthernAsia
Yes,IR-2015-CA196560-42201,SouthernAsia
Yes,MX-2013-AF1087026-41536,SouthAmerica
Yes,US-2012-JF15490140-41269,WesternUS
Yes,IN-2015-PS18760102-42263,SoutheasternAsia
Yes,ES-2014-KT1646548-41678,WesternEurope
Yes,ES-2014-MC1760548-41900,WesternEurope
Yes,MX-2014-BE1145531-41650,Caribbean
Yes,CA-2015-BP11095140-42352,EasternUS
Yes,CG-2014-ML775533-41740,CentralAfrica
Yes,ID-2014-CV1280527-41773,EasternAsia
Yes,SA-2013-RF9840110-41277,WesternAsia
Yes,SF-2012-AG675117-40976,SouthernAfrica
Yes,US-2015-CR12820140-42284,EasternUS
Yes,ES-2013-MB1808545-41629,WesternEurope
Yes,IN-2015-SC20260130-42032,SoutheasternAsia
Yes,IN-2012-TS211607-41179,Oceania
Yes,IZ-2015-MO795061-42271,WesternAsia
Yes,MX-2014-LL1684039-41853,CentralAmerica
Yes,ES-2013-EB14110139-41528,NorthernEurope
Yes,CA-2015-BT11530140-42278,WesternUS
Yes,ES-2013-LC1714064-41409,SouthernEurope
Yes,US-2013-DG13300140-41458,EasternUS
Yes,CA-2014-IG15085140-41808,WesternUS
Yes,ES-2015-LO17170139-42166,NorthernEurope
Yes,IN-2015-SS2059059-42364,SoutheasternAsia
Yes,AG-2014-CP20853-41889,NorthAfrica
Yes,US-2012-AB1025582-40928,CentralAmerica
Yes,TU-2014-PK8910134-41798,WesternAsia
Yes,IT-2015-JW1522091-42234,WesternEurope
Yes,CA-2013-RH19510140-41544,WesternUS
Yes,ES-2014-DM13015120-41856,SouthernEurope
Yes,NI-2013-JB600095-41621,WesternAfrica
Yes,US-2015-TC2114555-42166,CentralAmerica
Yes,IT-2013-DJ1351064-41352,SouthernEurope
Yes,IN-2012-DB131207-41257,Oceania
Yes,IZ-2015-EH412561-42161,WesternAsia
Yes,US-2013-KB16315140-41318,EasternUS
Yes,CA-2015-CV12805140-42025,EasternUS
Yes,MX-2015-AG1052518-42357,SouthAmerica
Yes,IN-2012-MP179657-41242,Oceania
Yes,IN-2015-PG1882097-42251,SouthernAsia
Yes,ES-2012-SW2024548-41073,WesternEurope
Yes,IT-2012-MC1742548-41177,WesternEurope
Yes,TU-2012-CS1845134-41235,WesternAsia
Yes,CA-2015-SC20725140-42182,EasternUS
Yes,ES-2015-TP21415139-42251,NorthernEurope
Yes,CA-2015-RA19915140-42357,WesternUS
Yes,ES-2014-SV2093545-41674,WesternEurope
Yes,KZ-2015-RM975068-42228,CentralAsia
Yes,KG-2015-RH955570-42340,CentralAsia
Yes,IT-2015-JS1603045-42229,WesternEurope
Yes,CA-2015-LW16990140-42336,WesternUS
Yes,IN-2015-SS2059059-42236,SoutheasternAsia
Yes,IN-2012-LH1715559-40968,SoutheasternAsia
Yes,US-2015-TT21220140-42186,WesternUS
Yes,SF-2015-RS9765117-42224,SouthernAfrica
Yes,ID-2014-JF153557-41649,Oceania
Yes,IT-2014-CA12310139-41961,NorthernEurope
Yes,ES-2015-SL2015545-42335,WesternEurope
Yes,IT-2014-DB1312091-41894,WesternEurope
Yes,IT-2015-DB13555139-42063,NorthernEurope
Yes,CA-2012-DB13360140-41231,WesternUS
Yes,CA-2013-NW18400140-41599,WesternUS
Yes,MX-2013-TB2128039-41278,CentralAmerica
Yes,ES-2012-JC1577548-41195,WesternEurope
Yes,ES-2012-KB162408-41191,WesternEurope
Yes,IN-2014-VF2171527-41819,EasternAsia
Yes,MO-2015-AB60086-42173,NorthAfrica
Yes,ID-2012-LH1715592-41091,Oceania
Yes,ES-2014-BP11230139-41970,NorthernEurope
Yes,IN-2015-DF1313559-42360,SoutheasternAsia
Yes,ES-2015-DK13375139-42082,NorthernEurope
Yes,US-2015-RM197505-42122,SouthAmerica
Yes,CA-2015-EH14125140-42035,WesternUS
Yes,IN-2013-DR12880144-41384,SoutheasternAsia
Yes,IN-2015-RH196007-42179,Oceania
Yes,ES-2015-JW152208-42033,WesternEurope
Yes,CA-2013-GB14530140-41583,SouthernUS
Yes,IN-2015-NK1849058-42154,SouthernAsia
Yes,CA-2015-TD20995140-42118,EasternUS
Yes,MX-2014-JR1570039-41955,CentralAmerica
Yes,ID-2014-TB21280130-41884,SoutheasternAsia
Yes,NG-2013-NB858094-41469,WesternAfrica
Yes,CA-2015-EP13915140-42316,EasternUS
Yes,ID-2015-JC1538592-42039,Oceania
Yes,ES-2014-AH10585139-41920,NorthernEurope
Yes,MX-2015-CR1273051-42262,CentralAmerica
Yes,ES-2012-AB1016545-40957,WesternEurope
Yes,ES-2014-AG1039045-41685,WesternEurope
Yes,GG-2012-BS159047-41184,WesternAsia
Yes,IN-2014-DW131957-41982,Oceania
Yes,IT-2014-BS1166562-41864,NorthernEurope
Yes,IN-2013-MY1738058-41545,SouthernAsia
Yes,MX-2012-KD1634518-40977,SouthAmerica
Yes,IT-2013-CA1205591-41545,WesternEurope
Yes,CA-2013-NF847523-41549,WesternCanada
Yes,CA-2015-SG20605140-42120,WesternUS
Yes,US-2015-FW1439518-42306,SouthAmerica
Yes,SG-2015-BE1410111-42348,WesternAfrica
Yes,CA-2015-LT17110140-42335,EasternUS
Yes,US-2013-AB10105101-41446,SouthAmerica
Yes,SO-2014-GM4455116-41984,EasternAfrica
Yes,ES-2015-NH1861048-42299,WesternEurope
Yes,CA-2013-AH10690140-41639,CentralUS
Yes,ML-2013-GW460579-41403,WesternAfrica
Yes,PL-2013-JF5190103-41443,EasternEurope
Yes,ID-2013-TC2114527-41594,EasternAsia
Yes,CA-2013-ES14020140-41384,CentralUS
Yes,IN-2012-SC2057559-41146,SoutheasternAsia
Yes,CA-2013-SJ20215140-41461,WesternUS
Yes,ES-2015-PC1900045-42227,WesternEurope
Yes,US-2013-KA1652582-41360,CentralAmerica
Yes,IZ-2015-JM525061-42235,WesternAsia
Yes,MA-2012-TZ1144577-41037,EasternAfrica
Yes,US-2013-CD1198055-41594,CentralAmerica
Yes,IT-2015-JK1609048-42097,WesternEurope
Yes,ES-2013-CS1225048-41579,WesternEurope
Yes,CA-2014-BC11125140-41846,WesternUS
Yes,MX-2015-CM1211528-42296,SouthAmerica
Yes,ES-2015-AM10705120-42213,SouthernEurope
Yes,US-2013-LB1679555-41462,CentralAmerica
Yes,CA-2012-KN16390140-41244,EasternUS
Yes,MO-2015-LA678086-42168,NorthAfrica
Yes,CA-2015-GM14455140-42353,CentralUS
Yes,ES-2012-DM1295548-41100,WesternEurope
Yes,MX-2012-DM1301593-40971,CentralAmerica
Yes,IN-2014-HM1486092-41679,Oceania
Yes,ID-2015-SS205907-42361,Oceania
Yes,IT-2013-GT14710125-41392,WesternEurope
Yes,ID-2015-MG1768092-42032,Oceania
Yes,IN-2015-VP2173058-42024,SouthernAsia
Yes,ES-2013-HG14965120-41571,SouthernEurope
Yes,IR-2012-JF529560-40988,SouthernAsia
Yes,US-2014-KD16495140-41976,WesternUS
Yes,MX-2015-FG142605-42318,SouthAmerica
Yes,ES-2012-SV20365120-41132,SouthernEurope
Yes,US-2014-DL12925101-41646,SouthAmerica
Yes,NI-2012-DV304595-41121,WesternAfrica
Yes,ES-2013-GT1475545-41597,WesternEurope
Yes,ID-2014-CK1220527-41948,EasternAsia
Yes,ES-2013-PB18805120-41591,SouthernEurope
Yes,EG-2012-MC727538-41130,NorthAfrica
Yes,IN-2013-AM1070527-41535,EasternAsia
Yes,ES-2012-JH16180139-41090,NorthernEurope
Yes,ID-2013-TM210107-41492,Oceania
Yes,ID-2015-CJ1187597-42147,SouthernAsia
Yes,ES-2014-TS2116045-41817,WesternEurope
Yes,CA-2014-ES14080140-41737,EasternUS
Yes,US-2015-GT1471055-42299,CentralAmerica
Yes,IN-2014-PW1903058-41999,SouthernAsia
Yes,ID-2012-NB1858092-41241,Oceania
Yes,IN-2014-TS211607-41875,Oceania
Yes,IN-2013-RH195107-41573,Oceania
Yes,US-2015-JH1543055-42328,CentralAmerica
Yes,US-2014-PK19075140-41907,EasternUS
Yes,IN-2013-MG176957-41542,Oceania
Yes,IR-2013-PK891060-41342,SouthernAsia
Yes,MX-2014-ML1775593-41795,CentralAmerica
Yes,IT-2014-VP2173048-41990,WesternEurope
Yes,CA-2013-LS17245140-41629,SouthernUS
Yes,ES-2012-BM1178545-41144,WesternEurope
Yes,PL-2012-LL6840103-41137,EasternEurope
Yes,IN-2014-SC205757-41662,Oceania
Yes,CA-2012-RP19270140-41200,WesternUS
Yes,SF-2013-KN6390117-41614,SouthernAfrica
Yes,MX-2015-DA1345051-42180,CentralAmerica
Yes,CA-2013-BM11575140-41532,EasternUS
Yes,CA-2015-JC16105140-42301,EasternUS
Yes,NI-2012-SP1086095-41090,WesternAfrica
Yes,IT-2012-RS1987091-41200,WesternEurope
Yes,CA-2013-SM20950140-41627,CentralUS
Yes,ES-2014-AS1009045-41885,WesternEurope
Yes,MX-2014-SK1999082-41922,CentralAmerica
Yes,IT-2013-VW2177545-41580,WesternEurope
Yes,ES-2012-AI1085548-41187,WesternEurope
Yes,CA-2014-NZ18565140-41964,EasternUS
Yes,ES-2015-ES1402045-42032,WesternEurope
Yes,SA-2012-LC6870110-41121,WesternAsia
Yes,ES-2012-KN16705120-41257,SouthernEurope
Yes,TU-2015-EN3780134-42164,WesternAsia
Yes,CA-2013-MS17365140-41632,WesternUS
Yes,MX-2013-JC1538528-41574,SouthAmerica
Yes,RW-2015-BG1740109-42353,EasternAfrica
Yes,MX-2015-EL1373536-42278,Caribbean
Yes,ES-2012-JK1564048-41191,WesternEurope
Yes,IN-2015-JH159857-42221,Oceania
Yes,CA-2012-ML17395140-41194,EasternUS
Yes,IR-2013-CM193560-41296,SouthernAsia
Yes,MX-2015-BD1172537-42330,SouthAmerica
Yes,ES-2013-BE1133564-41387,SouthernEurope
Yes,IT-2015-Dl1360048-42209,WesternEurope
Yes,CA-2012-RB19435140-41236,CentralUS
Yes,IR-2015-JD615060-42186,SouthernAsia
Yes,ID-2014-AG1076527-41872,EasternAsia
Yes,MX-2013-JM156555-41549,SouthAmerica
Yes,IT-2013-DK1298564-41618,SouthernEurope
Yes,US-2014-MH1811554-41900,Caribbean
Yes,IN-2013-MS17710113-41495,SoutheasternAsia
Yes,ID-2014-KB16600144-41986,SoutheasternAsia
Yes,ES-2014-SC2002045-41790,WesternEurope
Yes,CA-2012-LE16810140-41258,SouthernUS
Yes,CA-2015-DM13345140-42347,WesternUS
Yes,CA-2014-BC11125140-41864,EasternUS
Yes,IN-2013-NP186707-41474,Oceania
Yes,TU-2014-JW5220134-41755,WesternAsia
Yes,CA-2014-RD19810140-41798,EasternUS
Yes,IN-2015-JD1589558-42288,SouthernAsia
Yes,US-2014-VM21835140-41772,WesternUS
Yes,MX-2013-EH1412555-41276,CentralAmerica
Yes,EZ-2012-PS904532-41150,EasternEurope
Yes,CA-2013-JD15895140-41620,WesternUS
Yes,CA-2014-BD11620140-41707,EasternUS
Yes,CA-2014-JH15985140-41888,WesternUS
Yes,ES-2015-PO18850139-42264,NorthernEurope
Yes,CG-2015-PV898533-42225,CentralAfrica
Yes,MX-2013-CD1279082-41521,CentralAmerica
Yes,US-2012-DK1283536-40939,Caribbean
Yes,SF-2013-PF9165117-41490,SouthernAfrica
Yes,MX-2014-ES1402082-41929,CentralAmerica
Yes,IT-2015-RB19570120-42181,SouthernEurope
Yes,CA-2014-TZ1144523-41985,EasternCanada
Yes,RS-2015-BP1230108-42132,EasternEurope
Yes,CA-2015-SR20425140-42361,SouthernUS
Yes,CA-2013-JK16120140-41551,EasternUS
Yes,IN-2014-LM1706566-41893,EasternAsia
Yes,CA-2014-ON18715140-41710,CentralUS
Yes,US-2014-RB19570140-41886,CentralUS
Yes,MX-2014-TG216405-41952,SouthAmerica
Yes,US-2015-LR1691518-42180,SouthAmerica
Yes,NI-2015-MK790595-42144,WesternAfrica
Yes,UP-2014-LL6840137-41670,EasternEurope
Yes,ES-2015-LT1711045-42025,WesternEurope
Yes,TU-2012-FG4260134-41177,WesternAsia
Yes,IT-2014-AT1043591-41795,WesternEurope
Yes,CA-2015-JF15415140-42367,EasternUS
Yes,IT-2012-RD19930120-41222,SouthernEurope
Yes,IR-2014-BD162060-41820,SouthernAsia
Yes,ES-2015-CM1223545-42327,WesternEurope
Yes,MX-2015-MS1798028-42300,SouthAmerica
Yes,UP-2015-RK9300137-42341,EasternEurope
Yes,CA-2015-MA17560140-42298,EasternUS
Yes,US-2013-HD1478555-41565,CentralAmerica
Yes,MX-2013-BS1136536-41595,Caribbean
Yes,CA-2012-RH19495140-41143,EasternUS
Yes,ET-2014-SV1081543-41814,EasternAfrica
Yes,MX-2013-AP1091536-41528,Caribbean
Yes,MX-2015-RH1951082-42262,CentralAmerica
Yes,CA-2013-JC16105140-41520,SouthernUS
Yes,ES-2012-MP1817564-41187,SouthernEurope
Yes,US-2013-RR19525140-41613,SouthernUS
Yes,ES-2013-GT14710139-41614,NorthernEurope
Yes,EK-2014-EP391540-41947,CentralAfrica
Yes,ID-2012-TC2129527-41137,EasternAsia
Yes,MX-2014-TM2149039-41923,CentralAmerica
Yes,TU-2015-EB3840134-42326,WesternAsia
Yes,MX-2013-DW1348051-41548,CentralAmerica
Yes,US-2014-GK14620101-41744,SouthAmerica
Yes,MX-2012-PF1912028-41059,SouthAmerica
Yes,IZ-2013-GZ454561-41314,WesternAsia
Yes,CA-2015-SC20380140-42039,SouthernUS
Yes,IN-2015-BS11590102-42287,SoutheasternAsia
Yes,MX-2012-MF1766582-41174,CentralAmerica
Yes,TU-2015-CS1860134-42042,WesternAsia
Yes,MX-2013-SS2059093-41565,CentralAmerica
Yes,MX-2015-PR1888018-42153,SouthAmerica
Yes,PL-2014-BM1650103-41888,EasternEurope
Yes,CA-2015-DK13090140-42279,CentralUS
Yes,ID-2014-RB19330102-41767,SoutheasternAsia
Yes,MX-2013-RW1963082-41528,CentralAmerica
Yes,IT-2012-BD1172591-40992,WesternEurope
Yes,TU-2015-SW10350134-42024,WesternAsia
Yes,US-2014-SG2008055-41769,CentralAmerica
Yes,ES-2012-AR104058-41127,WesternEurope
Yes,CG-2015-DW358533-42341,CentralAfrica
Yes,CA-2012-HP14815140-41236,SouthernUS
Yes,ID-2013-AS1022559-41392,SoutheasternAsia
Yes,PL-2015-ML8265103-42252,EasternEurope
Yes,ES-2014-BD1132048-41992,WesternEurope
Yes,CA-2015-JH15430140-42329,SouthernUS
Yes,CA-2015-NG18355140-42235,EasternUS
Yes,MX-2012-MM1805531-40978,Caribbean
Yes,ES-2013-EH14125120-41573,SouthernEurope
Yes,ES-2015-BM1157545-42276,WesternEurope
Yes,ES-2015-CB1202545-42041,WesternEurope
Yes,IT-2014-AP1091564-41896,SouthernEurope
Yes,ES-2012-AG1049564-41254,SouthernEurope
Yes,ID-2013-GZ14545130-41605,SoutheasternAsia
Yes,IN-2015-LH171557-42294,Oceania
Yes,US-2015-PN18775140-42339,SouthernUS
Yes,ID-2015-GD1459092-42144,Oceania
Yes,IN-2014-IM1507058-41812,SouthernAsia
Yes,US-2012-JW1595555-41073,CentralAmerica
Yes,MX-2014-AG1076539-41887,CentralAmerica
Yes,ES-2015-LD1685548-42185,WesternEurope
Yes,US-2012-CW1190536-41241,Caribbean
Yes,ID-2015-GM1445592-42334,Oceania
Yes,EG-2013-VG1179038-41590,NorthAfrica
Yes,CA-2015-PN18775140-42120,SouthernUS
Yes,ID-2012-RB193307-41261,Oceania
Yes,CA-2015-AG10675140-42272,SouthernUS
Yes,EN-2015-MC760542-42174,NorthernEurope
Yes,US-2014-MG1814555-41928,CentralAmerica
Yes,CA-2015-RB19795140-42138,WesternUS
Yes,IR-2014-DL286560-41950,SouthernAsia
Yes,CA-2015-PK19075140-42316,EasternUS
Yes,ES-2014-EJ1415545-41901,WesternEurope
Yes,ES-2014-EB1397564-41814,SouthernEurope
Yes,MX-2012-JL1517582-41163,CentralAmerica
Yes,ES-2014-CP12340120-41738,SouthernEurope
Yes,US-2015-SC2084582-42125,CentralAmerica
Yes,TU-2013-AH585134-41367,WesternAsia
Yes,CA-2014-BM11575140-41964,WesternUS
Yes,SI-2014-TC10980115-41955,SouthernEurope
Yes,ES-2012-VG2180548-41175,WesternEurope
Yes,MX-2014-Dp1324082-41960,CentralAmerica
Yes,IN-2015-MH1744027-42025,EasternAsia
Yes,IN-2015-TW2102578-42063,SoutheasternAsia
Yes,IT-2015-FO1430564-42342,SouthernEurope
Yes,BO-2015-MS798013-42091,EasternEurope
Yes,CA-2012-ZC21910140-41271,CentralUS
Yes,ES-2012-AJ1094545-41239,WesternEurope
Yes,US-2015-RL19615140-42147,WesternUS
Yes,NI-2012-SN1056095-41065,WesternAfrica
Yes,CA-2014-EH13945140-41655,WesternUS
Yes,MX-2013-JP1552082-41440,CentralAmerica
Yes,IN-2015-CR126257-42046,Oceania
Yes,IN-2014-OT187307-41944,Oceania
Yes,MX-2013-MC1759039-41577,CentralAmerica
Yes,MX-2012-BF1127582-41039,CentralAmerica
Yes,TU-2014-EG3900134-41794,WesternAsia
Yes,CA-2013-TC21535140-41536,SouthernUS
Yes,US-2015-EB1397518-42304,SouthAmerica
Yes,ES-2015-JK1564064-42297,SouthernEurope
Yes,EG-2015-RM937538-42360,NorthAfrica
Yes,MX-2014-PO1886593-41642,CentralAmerica
Yes,SA-2015-BB990110-42291,WesternAsia
Yes,US-2012-TS2108536-41070,Caribbean
Yes,EG-2013-FA423038-41534,NorthAfrica
Yes,ES-2013-SC20305139-41480,NorthernEurope
Yes,CA-2013-BP11095140-41481,WesternUS
Yes,MO-2013-JW607586-41520,NorthAfrica
Yes,ID-2015-NP18685102-42224,SoutheasternAsia
Yes,ES-2015-JC16105139-42173,NorthernEurope
Yes,US-2015-RH1955518-42079,SouthAmerica
Yes,CA-2014-WB21850140-41654,EasternUS
Yes,IN-2013-SW202757-41585,Oceania
Yes,MX-2013-SC2077018-41329,SouthAmerica
Yes,CA-2015-HM14980140-42122,WesternUS
Yes,IR-2012-DV304560-40929,SouthernAsia
Yes,MX-2013-EJ1415516-41465,SouthAmerica
Yes,CA-2012-EJ13720140-41258,CentralUS
Yes,CA-2015-SC20305140-42245,CentralUS
Yes,IS-2013-MY829563-41460,WesternAsia
Yes,ID-2015-LS172007-42133,Oceania
Yes,MX-2012-BT1130582-41158,CentralAmerica
Yes,ES-2015-CL1189064-42356,SouthernEurope
Yes,CA-2014-JG15160140-41910,SouthernUS
Yes,ID-2014-MP1747059-41709,SoutheasternAsia
Yes,SA-2013-GM4680110-41328,WesternAsia
Yes,MX-2012-TZ2158093-40955,CentralAmerica
Yes,CA-2012-RB19645140-41143,WesternUS
Yes,CA-2012-IM15055140-40932,WesternUS
Yes,IN-2015-BK1126027-42341,EasternAsia
Yes,US-2015-DB1355598-42119,CentralAmerica
Yes,MX-2012-AW1093031-40912,Caribbean
Yes,MX-2014-HE1480082-41851,CentralAmerica
Yes,US-2013-ON18715140-41411,CentralUS
Yes,MX-2012-AH1046539-41185,CentralAmerica
Yes,TU-2012-FH4365134-41121,WesternAsia
Yes,ID-2013-RW1954097-41476,SouthernAsia
Yes,CA-2014-AM10360140-41837,CentralUS
Yes,CA-2013-FC14335140-41409,EasternUS
Yes,IN-2015-IG1508566-42228,EasternAsia
Yes,IT-2014-EK1379591-41771,WesternEurope
Yes,ID-2015-TC2129559-42223,SoutheasternAsia
Yes,CA-2014-BD11620140-41999,EasternUS
Yes,CA-2014-RD19900140-41960,WesternUS
Yes,ID-2012-TH21100118-41125,EasternAsia
Yes,IZ-2014-CA205561-41816,WesternAsia
Yes,CA-2013-TC21475140-41391,WesternUS
Yes,AG-2014-RD95853-41712,NorthAfrica
Yes,ID-2012-JE1574559-41234,SoutheasternAsia
Yes,CA-2014-TS21160140-41702,WesternUS
Yes,MX-2015-DK1289526-42090,SouthAmerica
Yes,CA-2013-GB14530140-41528,WesternUS
Yes,IN-2015-RD1948011-42109,SouthernAsia
Yes,ID-2015-RM197507-42129,Oceania
Yes,US-2013-PT1909018-41418,SouthAmerica
Yes,CA-2014-AS10045140-41727,SouthernUS
Yes,ES-2013-CS1246064-41368,SouthernEurope
Yes,MX-2015-SZ2003536-42216,Caribbean
Yes,SF-2013-BD1620117-41376,SouthernAfrica
Yes,TU-2013-DL2925134-41534,WesternAsia
Yes,IN-2015-DB13660102-42089,SoutheasternAsia
Yes,MX-2015-KC1625582-42259,CentralAmerica
Yes,EG-2014-SB1018538-41944,NorthAfrica
Yes,ES-2015-NM18445139-42218,NorthernEurope
Yes,CM-2012-SC1068022-41009,CentralAfrica
Yes,CA-2014-TB21280140-41786,EasternUS
Yes,ES-2012-AB1060064-40927,SouthernEurope
Yes,MX-2013-JC1534082-41392,CentralAmerica
Yes,MX-2014-CG1204031-41977,Caribbean
Yes,UP-2014-CR2580137-41922,EasternEurope
Yes,NI-2015-JG516095-42235,WesternAfrica
Yes,MX-2014-HP1481582-41709,CentralAmerica
Yes,IN-2015-DK1289559-42281,SoutheasternAsia
Yes,ES-2014-SJ2021548-41998,WesternEurope
Yes,IN-2014-BS1159027-42000,EasternAsia
Yes,US-2013-GM14500101-41366,SouthAmerica
Yes,IN-2013-KM1666059-41574,SoutheasternAsia
Yes,ID-2014-RP1927059-41918,SoutheasternAsia
Yes,IN-2015-AS102857-42217,Oceania
Yes,US-2013-EJ1372018-41628,SouthAmerica
Yes,IN-2015-CR128207-42270,Oceania
Yes,US-2014-FO14305140-41944,SouthernUS
Yes,SF-2012-CC2685117-41263,SouthernAfrica
Yes,IT-2012-NF18385139-41237,NorthernEurope
Yes,CA-2015-EB13705140-42321,EasternUS
Yes,US-2014-JE1574555-41971,CentralAmerica
Yes,ES-2013-TB2162548-41374,WesternEurope
Yes,CA-2015-JS594023-42346,EasternCanada
Yes,IN-2015-MH1811592-42116,Oceania
Yes,US-2013-MA1799536-41346,Caribbean
Yes,IN-2012-JM15265144-41031,SoutheasternAsia
Yes,CA-2012-JG15115140-41189,SouthernUS
Yes,US-2015-CG1252055-42316,CentralAmerica
Yes,MX-2014-RR1931526-41951,SouthAmerica
Yes,CA-2014-CK12595140-41711,EasternUS
Yes,MX-2014-DM1295598-41807,CentralAmerica
Yes,MX-2012-BS1159039-41175,CentralAmerica
Yes,MX-2012-DS1318018-41081,SouthAmerica
Yes,TU-2015-CS2355134-42101,WesternAsia
Yes,ID-2014-EB1397559-41919,SoutheasternAsia
Yes,IN-2014-AC1061558-41808,SouthernAsia
Yes,EG-2012-NM844538-41002,NorthAfrica
Yes,ES-2014-RB1964545-41859,WesternEurope
Yes,IN-2015-MA17995121-42230,SouthernAsia
Yes,NI-2013-EH376595-41500,WesternAfrica
Yes,IR-2015-BD162060-42252,SouthernAsia
Yes,IN-2014-PB19210130-41872,SoutheasternAsia
Yes,IN-2015-AA1031558-42361,SouthernAsia
Yes,TZ-2015-BM1785129-42285,EasternAfrica
Yes,IV-2014-LC688529-41898,WesternAfrica
Yes,IN-2015-DL1292558-42167,SouthernAsia
Yes,EG-2015-NF838538-42060,NorthAfrica
Yes,CA-2014-ND18370140-41963,EasternUS
Yes,NI-2012-BM114095-41061,WesternAfrica
Yes,CA-2012-CM11815140-41226,CentralUS
Yes,ES-2015-CJ1201064-42323,SouthernEurope
Yes,IN-2015-MB180857-42172,Oceania
Yes,ES-2015-MJ1774045-42168,WesternEurope
Yes,ES-2015-HJ14875139-42013,NorthernEurope
Yes,CA-2012-CM11815140-41273,CentralUS
Yes,CA-2014-BT11680140-41751,EasternUS
Yes,IN-2012-GM1444027-41128,EasternAsia
Yes,IN-2015-DK12985144-42112,SoutheasternAsia
Yes,TU-2015-LP7080134-42185,WesternAsia
Yes,CA-2014-DP13390140-41784,EasternUS
Yes,US-2014-AJ1078018-41752,SouthAmerica
Yes,IT-2013-BW11065139-41370,NorthernEurope
Yes,ES-2015-GG1465048-42245,WesternEurope
Yes,CA-2012-PB19150140-41254,SouthernUS
Yes,CA-2014-TT21265140-41915,EasternUS
Yes,IR-2012-SS1051560-41125,SouthernAsia
Yes,CA-2012-RA988523-41160,EasternCanada
Yes,US-2015-ME17320140-42322,CentralUS
Yes,US-2012-GH1442598-41140,CentralAmerica
Yes,ES-2013-EC1405048-41520,WesternEurope
Yes,US-2015-GZ14470140-42362,WesternUS
Yes,MX-2014-ML1741039-41935,CentralAmerica
Yes,MX-2012-DP1316582-41234,CentralAmerica
Yes,MX-2012-BD1163582-41249,CentralAmerica
Yes,MX-2015-CD1279080-42293,Caribbean
Yes,IN-2014-DW1319559-41730,SoutheasternAsia
Yes,IN-2015-JK1612058-42126,SouthernAsia
Yes,US-2014-AR104055-41906,SouthAmerica
Yes,NI-2015-JG516095-42353,WesternAfrica
Yes,US-2012-SC20260140-41165,CentralUS
Yes,CA-2012-CM12715140-41177,EasternUS
Yes,CA-2015-HM14860140-42221,WesternUS
Yes,IN-2015-DK1337566-42155,EasternAsia
Yes,CA-2013-KC16255140-41473,EasternUS
Yes,AL-2012-EM38252-41213,SouthernEurope
Yes,CA-2013-EH13945140-41465,WesternUS
Yes,ES-2012-MZ1751545-41262,WesternEurope
Yes,US-2014-LH1675055-41840,CentralAmerica
Yes,MX-2015-LA1678051-42286,CentralAmerica
Yes,ID-2014-LB167957-41829,Oceania
Yes,CA-2015-LW17215140-42348,CentralUS
Yes,ES-2015-AM10705120-42017,SouthernEurope
Yes,TU-2014-SD10485134-41771,WesternAsia
Yes,US-2012-AH1046536-41234,Caribbean
Yes,US-2012-DB1327036-41021,Caribbean
Yes,CA-2014-LS16945140-41912,EasternUS
Yes,MX-2015-QJ1925551-42255,CentralAmerica
Yes,ES-2015-AS1004564-42028,SouthernEurope
Yes,SG-2015-AG495111-42164,WesternAfrica
Yes,CA-2012-KC16675140-41255,SouthernUS
Yes,CA-2015-JB16045140-42362,EasternUS
Yes,ZA-2015-RC9960146-42257,EasternAfrica
Yes,ES-2012-TB21190139-40992,NorthernEurope
Yes,US-2013-GA1472598-41599,CentralAmerica
Yes,US-2013-TS2134055-41356,CentralAmerica
Yes,CA-2015-EH13765140-42027,CentralUS
Yes,TU-2015-SC10050134-42216,WesternAsia
Yes,CA-2014-CY12745140-41867,WesternUS
Yes,KG-2015-FO430570-42318,CentralAsia
Yes,GH-2015-KD661549-42183,WesternAfrica
Yes,IT-2015-DK12895124-42312,NorthernEurope
Yes,CA-2013-DP13165140-41557,CentralUS
Yes,CA-2015-SP20860140-42276,SouthernUS
Yes,IN-2015-RH1949559-42257,SoutheasternAsia
Yes,CA-2013-BN11470140-41380,EasternUS
Yes,NI-2013-EH412595-41541,WesternAfrica
Yes,ID-2013-PB18805130-41421,SoutheasternAsia
Yes,TU-2015-SV10785134-42340,WesternAsia
Yes,US-2014-DJ1363018-41963,SouthAmerica
Yes,US-2015-JE15610140-42321,WesternUS
Yes,ID-2014-RH1949559-41984,SoutheasternAsia
Yes,IN-2014-AJ109457-41793,Oceania
Yes,CA-2012-LT16765140-41152,WesternUS
Yes,IN-2012-ST2053058-41058,SouthernAsia
Yes,CA-2012-PJ19015140-41005,SouthernUS
Yes,MX-2014-DK1298518-41740,SouthAmerica
Yes,ID-2014-SC2026092-41894,Oceania
Yes,UP-2013-DL2925137-41299,EasternEurope
Yes,AE-2014-MY7380138-42004,WesternAsia
Yes,ES-2015-LS1723045-42159,WesternEurope
Yes,TU-2014-MY8295134-41860,WesternAsia
Yes,MX-2014-KN1639082-41907,CentralAmerica
Yes,IT-2013-CA12310139-41538,NorthernEurope
Yes,CA-2014-LF17185140-41933,EasternUS
Yes,CA-2015-SJ20125140-42105,EasternUS
Yes,US-2013-DR12940140-41635,CentralUS
Yes,TU-2014-TC11145134-41656,WesternAsia
Yes,MX-2012-RE1940539-41195,CentralAmerica
Yes,ES-2013-ME1772545-41370,WesternEurope
Yes,CA-2013-MS17830140-41478,EasternUS
Yes,IN-2015-DB13405144-42341,SoutheasternAsia
Yes,US-2015-SC20050140-42278,CentralUS
Yes,IN-2014-DM1301527-41919,EasternAsia
Yes,CA-2014-DL13330140-41941,EasternUS
Yes,MX-2012-AH1012082-41226,CentralAmerica
Yes,NG-2015-JC577594-42260,WesternAfrica
Yes,CA-2014-MG17890140-41703,WesternUS
Yes,EG-2014-CS186038-41690,NorthAfrica
Yes,US-2012-KT16465140-41168,SouthernUS
Yes,NI-2013-DB321095-41521,WesternAfrica
Yes,CA-2013-PS19045140-41438,EasternUS
Yes,TU-2015-AG675134-42099,WesternAsia
Yes,US-2015-SH1997555-42052,CentralAmerica
Yes,IT-2014-DO1364591-41870,WesternEurope
Yes,ES-2013-BF1100591-41501,WesternEurope
Yes,US-2012-JA1597055-41237,CentralAmerica
Yes,TU-2013-CR2730134-41324,WesternAsia
Yes,RO-2015-SA10830107-42012,EasternEurope
Yes,MX-2015-NF1859539-42209,CentralAmerica
Yes,NI-2014-JK562595-41779,WesternAfrica
Yes,MX-2015-SP2092055-42363,CentralAmerica
Yes,MX-2014-EH1418518-41915,SouthAmerica
Yes,MX-2014-KL1664593-41733,CentralAmerica
Yes,NI-2015-BP105095-42249,WesternAfrica
Yes,CA-2015-ML17410140-42025,CentralUS
Yes,IN-2015-AH1069027-42181,EasternAsia
Yes,IN-2015-BE1141027-42249,EasternAsia
Yes,TU-2015-JD6015134-42327,WesternAsia
Yes,IN-2013-AS1028558-41354,SouthernAsia
Yes,US-2012-GR1456054-41082,Caribbean
Yes,CA-2014-AB10255140-41936,WesternUS
Yes,BN-2014-KB631515-41904,WesternAfrica
Yes,CA-2015-BD11725140-42276,WesternUS
Yes,KZ-2012-PR888068-41144,CentralAsia
Yes,CA-2015-SC20575140-42236,CentralUS
Yes,CA-2015-GK14620140-42257,CentralUS
Yes,ZA-2015-MN7935147-42339,EasternAfrica
Yes,ES-2012-AA1064564-41268,SouthernEurope
Yes,IN-2015-MO178007-42363,Oceania
Yes,CA-2013-AI10855140-41628,WesternUS
Yes,ES-2015-WB21850139-42248,NorthernEurope
Yes,AG-2014-CM21603-41755,NorthAfrica
Yes,IN-2012-RC198257-41167,Oceania
Yes,IN-2013-JM152657-41576,Oceania
Yes,TU-2012-PF9165134-41074,WesternAsia
Yes,US-2012-TH21235140-41216,WesternUS
Yes,US-2013-PF1916582-41445,CentralAmerica
Yes,CA-2015-AA10645140-42314,WesternUS
Yes,ES-2012-MO17950120-41137,SouthernEurope
Yes,ES-2013-PB1915034-41373,NorthernEurope
Yes,NI-2014-CG204095-41856,WesternAfrica
Yes,NI-2015-EB411095-42174,WesternAfrica
Yes,IN-2014-KD16345144-41768,SoutheasternAsia
Yes,IN-2015-LA16780102-42095,SoutheasternAsia
Yes,IN-2014-SE2011066-41772,EasternAsia
Yes,ES-2015-AS1024064-42297,SouthernEurope
Yes,ZA-2014-LS6945147-41672,EasternAfrica
Yes,TU-2014-SF10965134-41992,WesternAsia
Yes,US-2014-LB16795140-41957,CentralUS
Yes,IN-2014-DA1345058-41769,SouthernAsia
Yes,US-2013-HG14845140-41530,EasternUS
Yes,US-2013-SJ2021582-41543,CentralAmerica
Yes,CA-2015-EB13870140-42269,EasternUS
Yes,EG-2014-PM894038-41846,NorthAfrica
